Dell_product,Dell_price,Bestbuy_price,Deviation,Status
Dell 24 Monitor – E2423H,174.99,116.77,-33.2704725984342,Red
Dell 24 Monitor - P2422H,249.99,219.99,-12.000480019200769,Red
Dell 22 Monitor - E2222H,149.99,137.44,-8.367224481632116,Yellow
Dell 24 USB-C® Hub Monitor - P2425E,489.99,489.99,0.0,Green
Alienware 27 Gaming Monitor - AW2724HF,399.99,399.99,0.0,Green
Dell 24 Touch USB-C Hub Monitor - P2424HT,549.99,549.99,0.0,Green
Alienware 27 360Hz QD-OLED Gaming Monitor - AW2725DF,899.99,899.99,0.0,Green
Dell UltraSharp 27 Thunderbolt™ Hub Monitor - U2724DE,699.99,699.99,0.0,Green
Dell UltraSharp 24 Monitor - U2424H,379.99,379.99,0.0,Green
Dell 34 Curved Monitor - P3424WE,909.99,909.99,0.0,Green
Dell 34 Curved Video Conferencing Monitor - P3424WEB,999.99,999.99,0.0,Green
Dell 27 Video Conferencing Monitor - P2724DEB,659.99,659.99,0.0,Green
Dell UltraSharp 24 USB-C® Hub Monitor - U2424HE,449.99,449.99,0.0,Green
Dell 22 Monitor - P2222H,204.99,204.99,0.0,Green
Alienware 27 Gaming Monitor - AW2724DM,499.99,499.99,0.0,Green
Alienware 27 Gaming Monitor - AW2724DM,499.99,499.99,0.0,Green
Dell 24 Monitor - P2425,429.99,429.99,0.0,Green
Dell 27 Monitor - S2725HS,189.99,189.99,0.0,Green
Dell 27 Monitor - P2725H,309.99,309.99,0.0,Green
Dell 55 4K Interactive Touch Monitor - P5524QT,3719.99,3719.99,0.0,Green
Dell 27 USB-C® Hub Monitor - P2725HE,399.99,399.99,0.0,Green
Dell 22 Monitor - P2225H,214.99,214.99,0.0,Green
Dell 24 Monitor - S2425H,149.99,149.99,0.0,Green
Dell 24 Monitor - P2425H,249.99,249.99,0.0,Green
Dell 24 USB-C® Hub Monitor - P2425HE,354.99,354.99,0.0,Green
Dell UltraSharp 49 Curved USB-C Hub Monitor - U4924DW,1739.99,1739.99,0.0,Green
Alienware 500Hz Gaming Monitor - AW2524H,1029.99,1029.99,0.0,Green
Dell UltraSharp 38 Curved USB-C Hub Monitor - U3824DW,1559.99,1559.99,0.0,Green
Dell 27 4K UHD USB-C Monitor - S2722QC,519.99,519.99,0.0,Green
Dell 32 USB-C Hub Monitor – P3223DE,579.99,579.99,0.0,Green
Dell 24 Monitor - E2424HS,179.99,179.99,0.0,Green
Dell 32 4K USB-C Hub Monitor - P3223QE,619.99,619.99,0.0,Green
Dell 24 Monitor - P2423D,419.99,419.99,0.0,Green
Dell 32 Curved FHD Monitor - S3222HN,219.99,219.99,0.0,Green
Dell 27 Monitor – E2723H,199.99,199.99,0.0,Green
Dell 22 Monitor - E2222HS,149.99,149.99,0.0,Green
Dell 27 4K USB-C Hub Monitor - P2723QE,609.99,609.99,0.0,Green
Dell 32 Curved Gaming Monitor – S3222DGM,369.99,369.99,0.0,Green
Dell UltraSharp 43 4K USB-C Hub Monitor - U4323QE,1094.99,1094.99,0.0,Green
Alienware 25 Gaming Monitor - AW2523HF,449.99,449.99,0.0,Green
"Dell 14"" Portable Travel Monitor - P1424H",344.99,344.99,0.0,Green
Dell 24 Monitor – S2421HN,139.99,139.99,0.0,Green
Dell UltraSharp 32 6K Monitor - U3224KB,3319.99,3319.99,0.0,Green
Dell 27 Curved Gaming Monitor – S2721HGF,249.99,249.99,0.0,Green
Dell UltraSharp 40 Curved WUHD Monitor - U4021QW,2399.99,2485.99,3.5833482639511,Green
Dell 24 Video Conferencing Monitor - P2424HEB,559.99,584.97,4.460793942748981,Green
Dell 27 Monitor - P2723D,469.99,495.69,5.468201451094702,Green
Dell 32 Curved 4K UHD Monitor - S3221QS,469.99,499.99,6.383114534351794,Green
Dell UltraSharp 32 4K USB-C Hub Monitor - U3223QE,1089.99,1179.0,8.166129964495086,Green
Dell 27 Monitor - S2725DS,299.99,329.99,10.000333344444815,Green
Dell 65 4K Interactive Touch Monitor - P6524QT,4469.99,4949.41,10.725303636026034,Green
Dell UltraSharp 27 4K PremierColor Monitor: UP2720Q,1649.99,1840.1,11.521888011442487,Green
Dell UltraSharp 27 4K USB-C Hub Monitor - U2723QE,729.99,878.02,20.278359977533935,Green
Dell 24 USB-C Hub Monitor - P2422HE,349.99,434.99,24.286408183090945,Green
Dell 22 Monitor – E2223HN,134.99,169.99,25.92784650714868,Green
Dell 27 Gaming Monitor - G2724D,349.99,449.99,28.572244921283463,Green
Dell 27 Curved Gaming Monitor – S2722DGM,329.99,431.5,30.761538228431164,Green
Dell 24 Monitor - SE2422H,99.99,138.89,38.9038903890389,Green
Dell 27 Monitor - S2721HN,139.99,199.99,42.86020430030717,Green
Dell 27 Monitor - SE2722H,119.99,179.89,49.92082673556129,Green
Dell 27 4K UHD Monitor - S2721QS,299.99,599.0,99.67332244408146,Green
